{
    "timestamp": "2026-02-27T09:24:04.258728",
    "champion": "CatBoost_V1",
    "precision_improvement_pct": 4.350583916650172,
    "results": {
        "LogisticRegression_Baseline": {
            "AUC": 0.9851240140472312,
            "Precision": 0.9321357285429142,
            "Recall": 0.913894324853229,
            "F1_Score": 0.9229249011857708,
            "FPR": 0.0023466077714127957,
            "Threshold": 0.8699999999999997
        },
        "RandomForest_V1": {
            "AUC": 0.9851626424472901,
            "Precision": 0.9726890756302521,
            "Recall": 0.9060665362035225,
            "F1_Score": 0.9381965552178319,
            "FPR": 0.0008972323831872455,
            "Threshold": 0.6299999999999998
        },
        "XGBoost_V1": {
            "AUC": 0.9887218578261475,
            "Precision": 0.9605809128630706,
            "Recall": 0.9060665362035225,
            "F1_Score": 0.932527693856999,
            "FPR": 0.0013113396369659742,
            "Threshold": 0.6199999999999998
        },
        "XGBoost_V2_Depth": {
            "AUC": 0.9884895471684504,
            "Precision": 0.9604989604989606,
            "Recall": 0.9041095890410958,
            "F1_Score": 0.9314516129032258,
            "FPR": 0.0013113396369659742,
            "Threshold": 0.3799999999999999
        },
        "LightGBM_V1": {
            "AUC": 0.9890684329119911,
            "Precision": 0.9663865546218487,
            "Recall": 0.9001956947162426,
            "F1_Score": 0.9321175278622087,
            "FPR": 0.0011042860100766098,
            "Threshold": 0.7199999999999998
        },
        "CatBoost_V1": {
            "AUC": 0.9901480021486034,
            "Precision": 0.9726890756302521,
            "Recall": 0.9060665362035225,
            "F1_Score": 0.9381965552178319,
            "FPR": 0.0008972323831872455,
            "Threshold": 0.8699999999999997
        }
    }
}